{"count":1,"self":9222.0694528,"total":27044.619402999997,"children":{"AgentSendState":{"count":10005379,"self":80.6502976,"total":132.63495899999998,"children":{"CollectObservations":{"count":1005369,"self":23.1254848,"total":23.125484,"children":null},"CollectDiscreteActionMasks":{"count":1005369,"self":2.9881059999999997,"total":2.9881059999999997,"children":null},"AgentInfo.ToProto":{"count":1005369,"self":12.0901456,"total":25.871071999999998,"children":{"GenerateSensorData":{"count":1005369,"self":13.7809264,"total":13.780926,"children":null}}}}},"DecideAction":{"count":10005379,"self":17657.1072512,"total":17657.107148,"children":null},"AgentAct":{"count":10005379,"self":32.806128,"total":32.806129,"children":null}},"gauges":{},"metadata":{"timer_format_version":"0.1.0","start_time_seconds":"1591084383","unity_version":"2018.4.22f1","command_line_arguments":"\/home\/shawn\/Documents\/ModelPredictivePathIntegralWithDeepRL\/src\/envs\/CarRacing\/simulator\/linux\/CarRacing.x86_64 --mlagents-port 23452","communication_protocol_version":"1.0.0","com.unity.ml-agents_version":"1.0.0-preview","scene_name":"CarRacing","end_time_seconds":"1591111427"}}91111427"}}27"}}