{"count":1,"self":3978.5029631999996,"total":126882.26622599999,"children":{"AgentSendState":{"count":10004063,"self":54.7126976,"total":99.810923,"children":{"CollectObservations":{"count":1003905,"self":20.814361599999998,"total":20.814360999999998,"children":null},"CollectDiscreteActionMasks":{"count":1003905,"self":2.409246,"total":2.409246,"children":null},"AgentInfo.ToProto":{"count":1003905,"self":9.421479999999999,"total":21.874617999999998,"children":{"GenerateSensorData":{"count":1003905,"self":12.4531376,"total":12.453138,"children":null}}}}},"DecideAction":{"count":10004063,"self":122776.67594239999,"total":122776.68216699999,"children":null},"AgentAct":{"count":10004063,"self":27.267715199999998,"total":27.267713999999998,"children":null}},"gauges":{},"metadata":{"timer_format_version":"0.1.0","start_time_seconds":"1591412959","unity_version":"2018.4.22f1","command_line_arguments":"\/home\/shawn\/Documents\/ModelPredictivePathIntegralWithDeepRL\/src\/envs\/CarRacing\/simulator\/linux\/CarRacing.x86_64 --mlagents-port 23803","communication_protocol_version":"1.0.0","com.unity.ml-agents_version":"1.0.0-preview","scene_name":"CarRacing","end_time_seconds":"1591539841"}}